光子嫩肤全模式AOPT黄金超光子修丽可改善痘印提亮肤色,901.1,3373
海菲秀面部三部曲深层清洁肌肤护理,809.5,1081
激光脱毛12次腋下唇部2选1唇毛腋毛2选1脱掉尴尬,340.0,649
第四代热玛吉面部900发四维验真探头支持销毁带走,9699.0,362
美国品牌50100单位瘦脸正品验真改善咬肌进口瘦脸,2340.0,430
国产品牌200单位瘦腿足量验真改善肌肉腿修饰腿部线条,1839.0,565
美国品牌1520单位抬头纹川字纹眉间纹3选1改善细纹可扫码验真除皱,803.5,533
气动洁牙工作日德国进口气动声波洁牙洗牙抛光舒适洗牙清理牙结石,129.0,367
皮秒激光PicoSure蜂巢皮秒全模式全面部淡斑淡化斑点色素沉淀,2399.0,175
水杨酸博乐达水杨酸改善黑头痤疮改善肤质,680.0,270
国产品牌200单位瘦肩改善斜方肌支持扫码验真,1839.0,357
国产品牌50100单位瘦脸支持验真改善咬肌,737.9,225
乔雅登极致08mL玻尿酸支持当面扫码验真,5335.9,168
射频紧肤眼周细纹3D相控射频淡化黑眼圈改善眼周细纹,680.0,210
玻尿酸精华导入水漾活肤玻尿酸精华导入补水保湿,209.7,247
嗨体15mL淡化颈纹正品可验,2070.5,57
乔雅登雅致08mL玻尿酸当面扫码验真鼻唇沟,4312.9,109
射频紧肤面部紧肤3D相控射频清晰下颌缘射频紧肤全面部,1235.5,83
半永久纹眉纹绣水雾眉半永久纹眉纹绣手工定制国产色乳不含补色,550.0,147
美国品牌50100单位瘦脸当面验真此价格仅限周一或周四来院,1868.7,109
瑞蓝2号1mL铂金瑞蓝玻尿酸进口品质足量填充,2741.5,129
第四代热玛吉眼周450发四维验真探头支持销毁带走足量发数,9699.0,87
碧萃诗2mL碧萃诗水光2ML补水保湿,1299.0,97
套餐光子嫩肤全模式AOPT黄金超光子海菲秀清洁嫩肤,1393.1,96
套餐光子嫩肤AOPT超光子嫩肤3次修丽可提亮肤色,3661.5,103
推拿60分钟全身经络刷体法排毒疏通经络促进气血运行,155.0,60
祛颈纹套餐嗨体15mL嗨体25mL淡化颈纹,3495.9,20
第四代热玛吉面颈部1200发四维验真探头支持销毁带走抗衰,15389.9,46
新一代热玛吉面颈部900发探头支持销毁带走足量发数紧致抗衰,18800.0,34
气动洁牙节假日德国气动洁牙送抛光舒适洗牙清理牙结石,199.0,74
推拿中医调理中医肩颈腰理疗缓解痛症放松身心,358.0,66
美国品牌50单位提升下颌缘正品验真清晰轮廓改善下颌缘,2280.0,64
嗨体25mL官方认证可验真可视化配药,1310.9,62
微针美塑伊肤泉祛痘控油组合改善痘肌淡化痘印,1269.5,56
套餐喷沙洗牙气动洁牙工作日瑞士EMS喷砂气动洁牙抛光,249.0,45
套餐半岛超声炮超声软组织理疗抗敏修护M刀头模式认证机构,9800.0,20
黄金微针全脸淡化痘印改善毛孔粗大,5558.9,44
皮秒激光PicoSure蜂巢皮秒全模式全面部改善色沉淡化斑点,2399.0,23
注射治疗狐臭国产非手术除腋臭100U足量可验真改善体味,1980.0,41
国产品牌50100单位瘦脸正品可验真改善咬肌,809.5,35
润致水光2mL当面拆封可视化配药正品可验,1400.0,24
激光脱毛1次小腿大腿大臂小臂四肢脱毛单次体验限1次,1379.0,29
新一代热玛吉眼周450发足量发数探头支持销毁带走改善眼周细纹,14724.9,11
射频紧肤双下巴下颌缘2选1超塑减脂紧致,1710.0,24
酷塑腹部侧腰腰腹3选11个点位冷冻减脂20小点位买即赠,4635.9,16
半永久纹眉水雾眉半永久纹眉纹绣手工纹绣师进口色乳不含补色,850.0,32
美国品牌100单位瘦脸提升下颌缘扫码验真此价格仅限周一或周四来院,4598.1,24
激光脱毛12次手臂私密部位小腿3选1手臂小腿比基尼脱毛3选1,3385.5,22
推拿中医妇科妇科气血推拿调理气血通畅,128.0,20
激光淡斑C10激光淡斑改善面部色素沉着雀斑改善黄褐斑,1679.9,8
推拿45分钟肩颈理疗促进血液循环经络通畅放松肩颈,125.0,13
补牙3MZ350XT树脂补牙美国3M树脂补牙修复龋洞蛀牙,399.0,11
喷沙洗牙节假日瑞士EMS单人气动洁牙喷砂洗牙抛光清理牙结石,299.0,12
瑞蓝丽v1mL玻尿酸改善鼻唇沟支持扫码验真,6860.0,12
推拿45分钟经络刷体美背经络推拿,125.0,11
拔智齿上颌非阻生智齿智齿发炎肿痛拔上颌智齿疼痛感低,399.0,14
半永久纹眉少女水雾眉半永久纹眉纹绣合资色乳不含补色,1550.0,11
补牙补后牙美国进口3MP60纳米树脂补牙高强耐磨硬度高,599.0,9
酷塑腰腹腹部侧腰3选11个点位冷冻减脂20升级版大点位买即赠,4635.9,9
冷光美白飞利浦PhilipsZOOM牙齿美白美国进口,999.0,11
乔雅登丰颜1mL玻尿酸当面验真立体塑型,11060.0,7
激光脱毛12次全身脱毛可使用12次包年脱掉尴尬皮肤光滑,9015.9,11
瓷贴面美白全瓷贴面修复牙缺损黄牙色素牙颜色自然通透逼真,1980.0,8
新一代热玛吉面部600发探头支持销毁带走足量发数紧致抗衰,23219.9,7
套餐乔雅登极致08mL美国品牌玻尿酸2支扫码验真赠进口除皱单部位2次,16520.0,6
推拿45分钟推拿经络美胸提升经络推拿,125.0,7
酷塑腹部腰腹侧腰3选16个点位冷冻减脂20小点位买1赠3官方认证,24900.0,3
套餐医美小魔盒超声炮M双刀模式,9199.0,5
点阵激光二氧化碳激光点阵改善痘坑痘印,1980.0,3
涂氟儿童涂氟牙齿涂氟防蛀抗敏预防蛀牙保护牙齿,99.0,6
肤丽美1mL双美胶原蛋白正品可验可视化配药,8600.0,4
美国品牌50100单位瘦脸正品可验真改善咬肌,3900.0,4
拔牙舒适拔牙拔除坏牙松动牙不含智齿残根,99.0,5
乳牙间隙管理儿童乳牙拔除拔乳牙不伤邻牙创口小疼痛小,59.0,5
窝沟封闭限首次儿童窝沟封闭单颗安抚情绪,99.0,6
套餐乔雅登极致08mL乔雅登雅致08mL玻尿酸支持扫码验真赠除皱,11680.0,3
乔雅登缇颜1mL玻尿酸官方认证支持扫码验真,9660.0,1
拔智齿下颌非阻生智齿智齿发炎肿痛拔下颌智齿疼痛感低,499.0,4
喷沙洗牙脱敏洁牙瑞士EMS脱敏洗牙抛光喷砂轻柔淡色素,399.0,3
套餐半岛超声炮光子嫩肤认证机构,9800.0,2
套餐黄金微针微针水光可丽金星光全面部补水,8800.0,2
套餐光子嫩肤美国品牌AOPT超光子进口单部位除皱改善动态纹提亮肤色,1680.0,1
艾灸中医失眠调理医生面诊对症调理轻松睡眠,358.0,2
针灸颞下颌关节紊乱调理医生面诊改善关节弹响及肌肉疼痛,580.0,1
正畸检查正畸口扫牙齿矫正检查预知牙矫正后效果,9.9,4
补牙3MZ250通用树脂补牙美国3M树脂补牙修复牙洞,228.0,3
补牙儿童纳米树脂补牙美国3M咬合正常颜色自然,599.0,2
套餐光子嫩肤海菲秀AOPT超光子6次海菲秀6次清洁嫩肤,9800.0,0
抗衰套餐第四代热玛吉半岛超声炮扫码验真足量发数,18800.0,1
第四代热玛吉面部眼周四维验真足量发数探头支持销毁带走,18799.9,5
PrincessVolume1mL公主玻尿酸立体填充,2980.0,1
套餐光子嫩肤全模式AOPT黄金超光子嗨体25mL提亮肤色,1980.0,2
推拿中医整脊面诊整脊调理推拿脊椎矫正,398.0,5
牙托美白飞利浦家庭美白套装在家就能白,2982.0,1
拔牙残根残冠拔除不含智齿牙齿残根牙龈内残根拔除,188.0,1
牙齿隐形矫正美国隐适美牙齿矫正矫正龅牙牙齿不齐隐形透明自行摘戴,32800.0,1
润致水光2mL3次水光补水,5800.0,0
套餐半岛超声炮超声软组织理疗海菲秀清洁嫩肤,9800.0,0
套餐第四代热玛吉光子嫩肤全脸900发AOPT超光子官方认证,13800.0,0
射频微针黄金微针面颈眼淡化痘坑痘印改善毛孔粗大,6799.9,0
补水嫩肤套餐光子嫩肤全模式AOPT黄金超光子瑞蓝唯v1mL保湿提亮肤色,5280.0,0
隔空减脂颈部超塑双模减脂紧致改善富贵包,2295.9,0
隔空减脂大腿超塑减脂紧致瘦大腿内侧,2623.9,0
隔空减脂臀部超塑减脂紧致改善妈妈臀,2295.9,0
隔空减脂副乳超塑减脂紧致改善副乳,2295.9,0
弗缦1mL胶原蛋白原装正品扫码验真,8600.0,0
推拿45分钟精油翘臀术按摩改善扁平臀,125.0,0
套餐乔雅登雅致08mL美国品牌玻尿酸2支扫码验真赠单部位进口除皱2次,9999.0,1
瑞蓝唯v1mL可视化配药支持验真,4400.0,0
推拿脊椎调理脊椎综合推拿调理,1300.0,0
推拿体态矫正改善不良体态塌腰驼背高低肩骨盆前倾,1300.0,0
套餐微创种植牙全瓷牙韩国登腾种植牙含国产全瓷冠,6888.0,0
套餐窝沟封闭涂氟儿童防蛀套餐进口全口涂氟4颗窝沟封闭,649.0,0
窝沟封闭儿童窝沟封闭四颗后槽牙安抚情绪,599.0,0
美白贴片瓷贴面瑞士进口Emax全瓷贴面修复牙缝缺损美白牙齿,3999.0,0
种植牙检查牙齿缺失CT内窥镜检查种植牙检查种植牙方案,58.0,0
