海菲秀HydraFacial支持验真,979.0,1677
光子嫩肤全模式AOPT黄金超光子按需定制,800.0,911
套餐第四代热玛吉半岛超声炮支持验真,22799.0,571
润致水光2mL可视化配药室正品可验,1979.0,294
玻尿酸精华导入可视化配药室,500.0,380
Fotona4DPro全面部不包含眼周欧洲之星,5800.0,284
套餐光子嫩肤全模式AOPT黄金超光子海菲秀新客体验套餐,1879.0,224
润致水光2mL5支可视化配药正品可验,9800.0,135
乔雅登雅致08mL玻尿酸可视化配药室正品可验,4750.0,186
乔雅登极致08mL玻尿酸可视化配药室正品可验,6999.0,167
乔雅登丰颜1mL可视化配药室正品可验,14800.0,102
嗨体15mL可视化配药室正品可验,2080.0,94
Fotona4DPro眼周欧洲之星,3899.0,89
超声波洁牙含海盐喷砂,298.0,84
半岛超声炮超声软组织理疗支持查验,11799.0,73
瑞蓝唯v1mL正品可验可视化配药室,4979.0,117
嗨体25mL可视化配药室正品可验,1579.0,74
瑞蓝丽v1mL可视化配药室正品可验,8799.0,64
第四代热玛吉面部900发可验真,13799.0,151
第四代热玛吉眼周450发支持验真,10799.0,38
艾维岚340mg咨询客服有好礼,18800.0,25
点阵激光CB素颜光非剥脱点阵激光,2199.0,36
点阵激光飞梭非剥脱点阵激光,3599.0,31
光电一卡通皮秒调Q素颜光AOPT日常维养护肤,19800.0,28
酷塑腰腹12个点位二代冷冻减脂,49999.0,20
皮秒激光PicoSure蜂巢皮秒蜂巢模式全面部,3979.0,25
瑞蓝2号1mL瑞蓝铂金可视化配药正品可验,4799.0,29
薇旖美4mg型胶原蛋白可视化配药室正品可验,6800.0,24
瑞蓝定采1mL瑞蓝定采1ml,16800.0,19
韩国品牌50单位眉间纹整瓶设计,1380.0,15
套餐艾莉薇传奇版1mL艾莉薇风尚版1mL可视化配药室,5980.0,18
婕尔1mL韩国品牌可视化配药室正品可验,2680.0,15
艾莉薇风尚版1mL可视化配药正品可验,2980.0,11
牙齿隐形矫正隐适美隐形矫正轻中度,38800.0,14
套餐光子嫩肤水杨酸痘痘肌,1780.0,6
第四代热玛吉面颈部1200发支持查验,15800.0,4
埋线重睑个性化设计,12800.0,5
抗敏修护半岛多功能激光黄极光,679.0,9
Fotona4DPro全面部不包含眼周个性化美肤方案,4800.0,1
酷塑腰腹1个点位二代酷塑冷冻减脂,5500.0,1
伊妍仕1mL可视化配药室,18800.0,1
套餐肤丽美1mL乔雅登雅致08mL正品可验真,8800.0,0
套餐肤丽美1mL乔雅登极致08mL正品可验真,10800.0,0
丽驻兰11健康肌2mL2支可视化配药室,2879.0,0
