国产品牌200单位瘦腿瘦肩2选1上市机构正品可验,1500.0,1022
国产品牌100单位瘦脸上市机构正品可验,555.0,887
嗨体15mL淡颈纹上市机构正品可验,817.0,558
光子嫩肤全模式AOPT黄金超光子第七代M22全模式任选两个滤光片,780.0,357
嗨体25mL上市机构正品可验,448.0,336
海薇M1mL玻尿酸上市机构正品可验,490.0,579
伊婉婉美1mL伊婉V玻尿酸1ml上市机构正品可验,1279.0,361
伊肤泉控油祛痘套组套组伊肤泉伊肤泉套组上市医美正品可验,879.0,261
美国品牌100单位瘦脸上市机构正品可验,2379.0,219
光子嫩肤嫩肤模式AOPT黄金超光子第七代M22基础模式正品可验,358.0,217
热拉提PLUS全面部不含眼周双模式上市机构正品可验,979.0,231
套餐嗨体15mL嗨体25mL上市机构正品可验,1156.0,175
嗨体熊猫1mL嗨体10正品可验,1279.0,194
国产品牌100单位面部细纹上市机构正品可验,779.0,164
韩国品牌100单位瘦脸韩国进口瘦脸100U上市机构正品可验,1270.0,139
国产品牌100单位瘦腿瘦肩2选1上市机构正品可验,879.0,147
伊婉C1mL玻尿酸上市机构正品可验,759.0,151
国产品牌100单位瘦脸提升下颌缘上市机构正品可验,779.0,121
套餐国产品牌下颌缘提升改善皱纹上市机构正品可验,779.0,104
韩国品牌100单位瘦脸提升下颌缘进口正品可验,1580.0,91
海薇1mL玻尿酸上市机构正品可验,397.0,126
艾莉薇风尚版1mL玻尿酸上市机构正品可验,1580.0,80
黄金微针上市机构正品可验,1688.0,75
微针美肤伊肤泉小白瓶上市机构正品可验,440.0,139
韩国品牌60单位鼻背纹鱼尾纹川字纹眉间纹4选2上市机构正品可验,879.0,62
Fotona4DPro全面部不包含眼周颈部眼周欧洲之星正品可验,2998.0,51
海菲秀认证机构正品可验,679.0,35
姣兰1mL玻尿酸上市机构正品可验,1026.0,52
美国品牌100单位面部细纹上市机构正品可验,2373.0,40
Fotona4DPro眼周下颌缘双下巴3选1欧洲之星上市机构正品可验,498.0,20
瑞蓝2号1mL玻尿酸上市机构正品可验,1979.0,37
艾莉薇风尚版1mL玻尿酸买一送一上市机构正品可验,3080.0,40
美国品牌100单位瘦脸提升下颌缘上市机构正品可验,2980.0,35
皮秒激光PicoWay超皮秒平扫模式上市机构正品可验,679.0,34
乔雅登极致08mL玻尿酸上市机构正品可验,5979.0,26
伊肤泉小绿瓶5mL上市机构正品可验,599.0,104
韩国品牌100单位面部细纹上市机构正品可验,1545.0,27
热拉提PLUS全面部不含眼周普通版上市机构正品可验,474.0,42
微针水光可丽金星光上市机构正品可验,1980.0,25
韩国品牌200单位瘦腿瘦肩2选1上市机构正品可验,2741.0,22
Fotona4DPro全面部不包含眼周欧洲之星全模式上市机构正品可验,1998.0,29
光子嫩肤全模式AOPT黄金超光子第七代M22上市机构正品可验,980.0,23
套餐海菲秀光子嫩肤全模式AOPT黄金超光子上市机构正品可验,1180.0,16
微针美肤伊肤泉水光胶原项目上市机构正品可验,980.0,81
艾莉薇风尚版1mL玻尿酸3支装上市机构正品可验,4498.0,12
美国品牌50单位抬头纹鱼尾纹川字纹鼻背纹4选2上市机构正品可验,1680.0,12
乔雅登雅致08mL玻尿酸上市机构正品可验,3579.0,10
光子嫩肤淡化红血丝模式辉煌360以色列飞顿DPLDPL光子,358.0,10
美国品牌50单位瘦脸上市机构正品可验,1453.0,9
冰点脱毛1次唇部腋下2选1上市机构正品可验,197.0,8
润致熨纹15mL2支润致水光套餐上市机构正品可验,1280.0,5
抗衰套餐半岛超声炮Fotona4DPro润致熨纹15mL2支私信升级领优惠,8800.0,4
半岛超声炮超声软组织理疗认证机构扫码验真,9000.0,4
PrincessVolume1mL进口公主玻尿酸上市机构正品可验,4999.0,7
点阵激光第七代黄金超光子M22点阵全面部,980.0,5
套餐嗨体15mL国产品牌200单位瘦肩上市机构正品可验,2398.0,5
肤柔美05mL上市机构正品可验,3980.0,4
套餐光子嫩肤伊肤泉控油祛痘套组M22全模式正品可验,1279.0,2
肤丽美1mL上市机构正品可验,8800.0,3
红蓝光治痘红蓝光上市机构,169.0,1
下眼睑下至术上市机构,3579.9,1
上睑提肌上市机构正品可验,3579.9,3
补水嫩肤套餐富勒烯热拉提PLUS光子嫩肤海菲秀欣可颜上市机构,4980.0,0
紧致提升套餐半岛超声炮超声软组织理疗等5个项目上市医美正品保真,9980.0,0
光子嫩肤全模式AOPT黄金超光子修丽可,2299.0,0
薇旖美4mg上市机构正品可验,7000.0,0
假体隆胸进口傲诺拉星熠光面微绒面,89800.0,0
假体隆胸进口曼托圆形光面微绒面,59800.0,0
假体隆胸进口傲诺拉璀璨微绒面水滴,128000.0,0
假体隆胸进口傲诺拉绚耀微绒面水滴,99800.0,0
假体隆胸进口傲诺拉闪耀微绒面,79800.0,0
假体隆胸进口曼托水滴微绒面专车接送,69800.0,0
黄金微针半岛黄金微针40上市机构正品可验,2399.0,1
伊妍仕1mL伊妍仕1ML上市机构正品可验,18800.0,0
埋线提升微拉美全面部埋线提升上市机构正品可验,29799.0,0
